{"stats":{"minecraft:killed_by":{"minecraft:zombie":1},"minecraft:mined":{"farmersdelight:wild_onions":4,"minecraft:furnace":1,"minecraft:iron_ore":6,"minecraft:spruce_log":9,"minecraft:spruce_door":2,"minecraft:crafting_table":2,"minecraft:coal_ore":19,"minecraft:copper_ore":1,"biomesoplenty:sprout":5,"minecraft:spruce_leaves":4,"minecraft:stone":33},"minecraft:killed":{"minecraft:sheep":1,"minecraft:skeleton":1,"minecraft:zombie":1,"minecraft:drowned":2},"minecraft:used":{"minecraft:cooked_mutton":1,"minecraft:spruce_door":2,"minecraft:stone_pickaxe":46,"minecraft:wooden_pickaxe":15,"minecraft:rotten_flesh":2,"minecraft:stone_axe":28,"farmersdelight:onion":1,"minecraft:cobblestone":16,"minecraft:crafting_table":2,"minecraft:furnace":1,"minecraft:allium":9},"minecraft:custom":{"minecraft:time_since_rest":1806,"minecraft:interact_with_furnace":4,"minecraft:sprint_one_cm":3470,"minecraft:damage_taken":935,"minecraft:walk_one_cm":58762,"minecraft:mob_kills":5,"minecraft:damage_dealt":869,"minecraft:swim_one_cm":33714,"minecraft:interact_with_crafting_table":3,"minecraft:fly_one_cm":3239,"minecraft:crouch_one_cm":990,"minecraft:play_time":21460,"minecraft:deaths":3,"minecraft:sneak_time":647,"minecraft:walk_under_water_one_cm":16247,"minecraft:jump":185,"minecraft:leave_game":1,"minecraft:time_since_death":1766,"minecraft:walk_on_water_one_cm":3595,"minecraft:total_world_time":21460,"minecraft:fall_one_cm":3352},"minecraft:picked_up":{"minecraft:allium":9,"minecraft:raw_iron":6,"minecraft:crafting_table":1,"minecraft:stick":2,"minecraft:spruce_log":9,"minecraft:spruce_door":2,"minecraft:raw_copper":5,"minecraft:rotten_flesh":2,"farmersdelight:onion":4,"minecraft:mutton":1,"minecraft:coal":33,"minecraft:white_wool":1,"minecraft:cobblestone":33,"minecraft:furnace":1},"minecraft:crafted":{"minecraft:crafting_table":1,"minecraft:spruce_planks":36,"minecraft:stick":8,"minecraft:iron_ingot":4,"minecraft:wooden_pickaxe":1,"minecraft:stone_pickaxe":1,"minecraft:spruce_door":3,"minecraft:furnace":1,"minecraft:torch":16,"minecraft:stone_axe":1,"minecraft:air":0,"minecraft:cooked_mutton":1}},"DataVersion":3465}